{
  "priority": {
    "order": "desc",
    "normalize": true,
    "min": 0.075933981,
    "max":0.690611573,
    "scale": {
      "very_high": 1.0,
      "high": 0.55,
      "medium": 0.2,
      "low": 0.1
    }
  },
  "criteria": {
    "sla_time": {
      "contains": true,
      "weight": 0.342571142
    },
    "urgency": {
      "contains": true,
      "weight": 0.260602697,
      "attributes": {
        "highest": 0.469908815,
        "high": 0.305214728,
        "medium": 0.166137855,
        "low": 0.058738602
      }
    },
    "number_of_affective_machines": {
      "contains": true,
      "weight": 0.121117189,
      "attributes": {
        "more_than_1000": 0.396396803,
        "101-1000": 0.283638463,
        "11-100": 0.184228586,
        "2-10": 0.10028134,
        "one": 0.035454808
      }
    },
    "impact": {
      "contains": true,
      "weight": 0.186472111,
      "attributes": {
        "critical": 0.738796125,
        "non-critical": 0.261203875
      }
    },
    "project_phase": {
      "contains": true,
      "weight": 0.065927847,
      "attributes": {
        "production": 0.342571142,
        "pilot": 0.260602697,
        "uat": 0.186472111,
        "certification": 0.121117189,
        "sit": 0.065927847,
        "internal_qa": 0.023309014
      }
    },
    "reproducibility": {
      "contains": true,
      "weight": 0.023309014,
      "attributes": {
        "yes": 0.738796125,
        "no": 0.261203875
      }
    }
  },
  "other": {
    "name": "Method RE",
    "method": "sum",
    "dispersion": "3"
  }
}