{
  "priority": {
    "order": "desc",
    "normalize": true,
    "min": 0.111455108,
    "max": 0.588854489,
    "scale": {
      "very_high": 1.0,
      "high": 0.77,
      "medium": 0.4,
      "low": 0.12
    }
  },
  "criteria": {
  "sla_time": {
        "contains": true,
        "weight": 0.263157895
      },
    "urgency": {
      "contains": true,
      "weight": 0.210526316,
      "attributes": {
        "highest": 0.4,
        "high": 0.3,
        "medium": 0.2,
        "low": 0.1
      }
    },
    "number_of_affective_machines": {
      "contains": true,
      "weight": 0.210526316,
      "attributes": {
        "more_than_1000": 0.333333333,
        "101-1000": 0.266666667,
        "11-100": 0.2,
        "2-10": 0.133333333,
        "one": 0.066666667
      }
    },
    "impact": {
      "contains": true,
      "weight": 0.157894737,
      "attributes": {
        "critical": 0.666666667,
        "non-critical": 0.333333333
      }
    },
    "project_phase": {
      "contains": true,
      "weight": 0.105263158,
      "attributes": {
        "production": 0.294117647,
        "pilot": 0.235294118,
        "uat": 0.117647059,
        "certification": 0.176470588,
        "sit": 0.117647059,
        "internal_qa": 0.058823529
      }
    },
    "reproducibility": {
      "contains": true,
      "weight": 0.052631579,
      "attributes": {
        "yes": 0.666666667,
        "no": 0.333333333
      }
    }
  },
  "other": {
    "name": "method",
    "method": "sum",
    "dispersion": ""
  }
}