{
  "priority": {
    "order": "desc",
    "normalize": true,
    "min": 0.212741003,
    "max": 0.497769507,
    "scale": {
      "very_high": 1.0,
      "high": 0.55,
      "medium": 0.2,
      "low": 0.1
    }
  },
  "criteria": {
  "sla_time": {
        "contains": true,
        "weight": 0.189189189
  },
    "urgency": {
      "contains": true,
      "weight": 0.18018018,
      "attributes": {
        "highest": 0.294117647,
        "high": 0.264705882,
        "medium": 0.235294118,
        "low": 0.205882353
      }
    },
    "number_of_affective_machines": {
      "contains": true,
      "weight": 0.162162162,
      "attributes": {
        "more_than_1000": 0.230769231,
        "101-1000": 0.215384615,
        "11-100": 0.2,
        "2-10": 0.184615385,
        "one": 0.169230769
      }
    },
    "impact": {
      "contains": true,
      "weight": 0.171171171,
      "attributes": {
        "critical": 0.6,
        "non-critical": 0.4
      }
    },
    "project_phase": {
      "contains": true,
      "weight": 0.153153153
    ,
      "attributes": {
        "production": 0.189189189,
        "pilot": 0.18018018,
        "uat": 0.171171171,
        "certification": 0.162162162,
        "sit": 0.153153153,
        "internal_qa": 0.144144144
      }
    },
    "reproducibility": {
      "contains": true,
      "weight": 0.144144144,
      "attributes": {
        "yes": 0.6,
        "no": 0.4
      }
    }
  },
  "other": {
    "name": "Method RS",
    "method": "sum",
    "dispersion": ""
  }
}