{
  "priority": {
    "order": "desc",
    "normalize": true,
    "min": 0.10700813,
    "max": 0.72018573,
    "scale": {
      "very_high": 1.0,
      "high": 0.55,
      "medium": 0.2,
      "low": 0.1
    }
  },
  "criteria": {
    "sla_time": {
      "contains": true,
      "weight": 0.408163265
    },
    "urgency": {
      "contains": true,
      "weight": 0.204081633,
      "attributes": {
        "highest": 0.48,
        "high": 0.24,
        "medium": 0.16,
        "low": 0.12
      }
    },
    "number_of_affective_machines": {
      "contains": true,
      "weight": 0.102040816,
      "attributes": {
        "more_than_1000": 0.437956204,
        "101-1000": 0.218978102,
        "11-100": 0.145985401,
        "2-10": 0.109489051,
        "one": 0.087591241
      }
    },
    "impact": {
      "contains": true,
      "weight": 0.136054422,
      "attributes": {
        "critical": 0.666666667,
        "non-critical": 0.333333333
      }
    },
    "project_phase": {
      "contains": true,
      "weight": 0.081632653,
      "attributes": {
        "production": 0.408163265,
        "pilot": 0.204081633,
        "uat": 0.136054422,
        "certification": 0.102040816,
        "sit": 0.081632653,
        "internal_qa": 0.068027211
      }
    },
    "reproducibility": {
      "contains": true,
      "weight": 0.068027211,
      "attributes": {
        "yes": 0.666666667,
        "no": 0.333333333
      }
    }
  },
  "other": {
    "name": "Method RR",
    "method": "sum",
    "dispersion": ""
  }
}