{
  "priority": {
    "order": "desc",
    "normalize": true,
    "min": 0.067440586,
    "max": 0.745673611,
    "scale": {
      "very_high": 1,
      "high": 0.78,
      "medium": 0.33,
      "low": 0.06
    }
  },
  "criteria": {
    "sla_time": {
      "contains": true,
      "weight": 0.408333333
    },
    "urgency": {
      "contains": true,
      "weight": 0.241666667,
      "attributes": {
        "highest": 0.520833333,
        "high": 0.270833333,
        "medium": 0.145833333,
        "low": 0.0625
      }
    },
    "number_of_affective_machines": {
      "contains": true,
      "weight": 0.102777778,
      "attributes": {
        "more_than_1000": 0.456666667,
        "101-1000": 0.256666667,
        "11-100": 0.156666667,
        "2-10": 0.09,
        "one": 0.04
      }
    },
    "impact": {
      "contains": true,
      "weight": 0.158333333,
      "attributes": {
        "critical": 0.75,
        "non-critical": 0.25
      }
    },
    "project_phase": {
      "contains": true,
      "weight": 0.061111111,
      "attributes": {
        "production": 0.408333333,
        "pilot": 0.241666667,
        "uat": 0.158333333,
        "certification": 0.102777778,
        "sit": 0.061111111,
        "internal_qa": 0.027777778
      }
    },
    "reproducibility": {
      "contains": true,
      "weight": 0.027777778,
      "attributes": {
        "yes": 0.75,
        "no": 0.25
      }
    }
  },
  "other": {
    "name": "method",
    "method": "sum",
    "dispersion": ""
  }
}