{
  "priority": {
    "order": "desc",
    "normalize": true,
    "min": 0.11723356,
    "max": 0.614512472,
    "scale": {
      "very_high": 1.0,
      "high": 0.55,
      "medium": 0.2,
      "low": 0.1
    }
  },
  "criteria": {
  "sla_time": {
        "contains": true,
        "weight": 0.285714286
  },
    "urgency": {
      "contains": true,
      "weight": 0.238095238,
      "attributes": {
        "highest": 0.4,
        "high": 0.3,
        "medium": 0.2,
        "low": 0.1
      }
    },
    "number_of_affective_machines": {
      "contains": true,
      "weight": 0.142857143,
      "attributes": {
        "more_than_1000": 0.333333333,
        "101-1000": 0.266666667,
        "11-100": 0.2,
        "2-10": 0.133333333,
        "one": 0.066666667
      }
    },
    "impact": {
      "contains": true,
      "weight": 0.19047619,
      "attributes": {
        "critical": 0.666666667,
        "non-critical": 0.333333333
      }
    },
    "project_phase": {
      "contains": true,
      "weight": 0.095238095,
      "attributes": {
        "production": 0.285714286,
        "pilot": 0.238095238,
        "uat": 0.19047619,
        "certification": 0.142857143,
        "sit": 0.095238095,
        "internal_qa": 0.047619048
      }
    },
    "reproducibility": {
      "contains": true,
      "weight": 0.047619048,
      "attributes": {
        "yes": 0.666666667,
        "no": 0.333333333
      }
    }
  },
  "other": {
    "name": "Method RS",
    "method": "sum",
    "dispersion": ""
  }
}